File_Name;Object_Name;Object_Id;IFC_Element;Outer_Radius;Inner_Radius;Pipe_Usage;Pipe_type;Material;X_start;Y_start;Z_start;X_end;Y_end;Z_end;Project;Building;Floor;Room
Pipe_system;pipe;P1;IfcPipeSegment;150;145;hot;Heating;stainless steel;2116;5501;0;2155;5501;0;Excel-IFC-Translater;OTH;3;G201
Pipe_system;pipe;P2;IfcPipeSegment;150;145;hot;Heating;stainless steel;2386;5481;0;2586;5481;0;Excel-IFC-Translater;OTH;3;G201
Pipe_system;pipe;P3;IfcPipeSegment;150;145;hot;Heating;stainless steel;1224;5369;0;1470;5369;0;Excel-IFC-Translater;OTH;3;G201
Pipe_system;pipe;P4;IfcPipeSegment;150;145;hot;Heating;stainless steel;2419;5161;0;2585;5161;0;Excel-IFC-Translater;OTH;3;G201
Pipe_system;pipe;P5;IfcPipeSegment;150;145;hot;Heating;stainless steel;1225;5051;0;1436;5051;0;Excel-IFC-Translater;OTH;3;G201
Pipe_system;pipe;P6;IfcPipeSegment;150;145;hot;Heating;stainless steel;2239;5035;0;2305;5035;0;Excel-IFC-Translater;OTH;3;G201
Pipe_system;pipe;P7;IfcPipeSegment;150;145;hot;Heating;stainless steel;2296;5005;0;2356;5005;0;Excel-IFC-Translater;OTH;3;G201
Pipe_system;pipe;P8;IfcPipeSegment;150;145;hot;Heating;stainless steel;2296;4991;0;2391;4991;0;Excel-IFC-Translater;OTH;3;G201
Pipe_system;pipe;P9;IfcPipeSegment;150;145;hot;Heating;stainless steel;2296;4978;0;2425;4978;0;Excel-IFC-Translater;OTH;3;G201
Pipe_system;pipe;P10;IfcPipeSegment;150;145;hot;Heating;stainless steel;2296;4964;0;2410;4964;0;Excel-IFC-Translater;OTH;3;G201
Pipe_system;pipe;P11;IfcPipeSegment;150;145;hot;Heating;stainless steel;2296;4951;0;2373;4951;0;Excel-IFC-Translater;OTH;3;G201
Pipe_system;pipe;P12;IfcPipeSegment;150;145;hot;Heating;stainless steel;2296;4937;0;2339;4937;0;Excel-IFC-Translater;OTH;3;G201
Pipe_system;pipe;P13;IfcPipeSegment;150;145;hot;Heating;stainless steel;2081;4891;0;2155;4891;0;Excel-IFC-Translater;OTH;3;G201
Pipe_system;pipe;P14;IfcPipeSegment;150;145;hot;Heating;stainless steel;1535;4846;0;1565;4846;0;Excel-IFC-Translater;OTH;3;G201
Pipe_system;pipe;P15;IfcPipeSegment;150;145;hot;Heating;stainless steel;2403;4843;0;2586;4843;0;Excel-IFC-Translater;OTH;3;G201
Pipe_system;pipe;P16;IfcPipeSegment;150;145;hot;Heating;stainless steel;1501;4835;0;1566;4835;0;Excel-IFC-Translater;OTH;3;G201
Pipe_system;pipe;P17;IfcPipeSegment;150;145;hot;Heating;stainless steel;1466;4823;0;1591;4823;0;Excel-IFC-Translater;OTH;3;G201
Pipe_system;pipe;P18;IfcPipeSegment;150;145;hot;Heating;stainless steel;1431;4811;0;1565;4811;0;Excel-IFC-Translater;OTH;3;G201
Pipe_system;pipe;P19;IfcPipeSegment;150;145;hot;Heating;stainless steel;1449;4799;0;1567;4799;0;Excel-IFC-Translater;OTH;3;G201
Pipe_system;pipe;P20;IfcPipeSegment;150;145;hot;Heating;stainless steel;1481;4787;0;1567;4787;0;Excel-IFC-Translater;OTH;3;G201
Pipe_system;pipe;P21;IfcPipeSegment;150;145;hot;Heating;stainless steel;1516;4774;0;1564;4774;0;Excel-IFC-Translater;OTH;3;G201
Pipe_system;pipe;P22;IfcPipeSegment;150;145;hot;Heating;stainless steel;1551;4763;0;1591;4763;0;Excel-IFC-Translater;OTH;3;G201
Pipe_system;pipe;P23;IfcPipeSegment;150;145;hot;Heating;stainless steel;1225;4732;0;1453;4732;0;Excel-IFC-Translater;OTH;3;G201
Pipe_system;pipe;P24;IfcPipeSegment;150;145;hot;Heating;stainless steel;2367;4523;0;2587;4523;0;Excel-IFC-Translater;OTH;3;G201
Pipe_system;pipe;P25;IfcPipeSegment;150;145;hot;Heating;stainless steel;1225;4413;0;1488;4413;0;Excel-IFC-Translater;OTH;3;G201
Pipe_system;pipe;P26;IfcPipeSegment;150;145;hot;Heating;stainless steel;2334;4208;0;2586;4208;0;Excel-IFC-Translater;OTH;3;G201
Pipe_system;pipe;P27;IfcPipeSegment;150;145;hot;Heating;stainless steel;1804;4142;0;1851;4142;0;Excel-IFC-Translater;OTH;3;G201
Pipe_system;pipe;P28;IfcPipeSegment;150;145;hot;Heating;stainless steel;1225;4094;0;1523;4094;0;Excel-IFC-Translater;OTH;3;G201
Pipe_system;pipe;P29;IfcPipeSegment;150;145;hot;Heating;stainless steel;2301;3929;0;2586;3929;0;Excel-IFC-Translater;OTH;3;G201
Pipe_system;pipe;P30;IfcPipeSegment;150;145;hot;Heating;stainless steel;1810;3846;0;1858;3846;0;Excel-IFC-Translater;OTH;3;G201
Pipe_system;pipe;P31;IfcPipeSegment;150;145;hot;Heating;stainless steel;2739;3825;0;2764;3825;0;Excel-IFC-Translater;OTH;3;G201
Pipe_system;pipe;P32;IfcPipeSegment;150;145;hot;Heating;stainless steel;2745;3821;0;2778;3821;0;Excel-IFC-Translater;OTH;3;G201
Pipe_system;pipe;P33;IfcPipeSegment;150;145;hot;Heating;stainless steel;1224;3775;0;1556;3775;0;Excel-IFC-Translater;OTH;3;G201
Pipe_system;pipe;P34;IfcPipeSegment;150;145;hot;Heating;stainless steel;2670;3774;0;2772;3774;0;Excel-IFC-Translater;OTH;3;G201
Pipe_system;pipe;P35;IfcPipeSegment;150;145;hot;Heating;stainless steel;2419;3779;0;2658;3779;0;Excel-IFC-Translater;OTH;3;G201
Pipe_system;pipe;P36;IfcPipeSegment;150;145;hot;Heating;stainless steel;2535;3725;0;2766;3725;0;Excel-IFC-Translater;OTH;3;G201
Pipe_system;pipe;P37;IfcPipeSegment;150;145;hot;Heating;stainless steel;2608;3705;0;2637;3705;0;Excel-IFC-Translater;OTH;3;G201
Pipe_system;pipe;P38;IfcPipeSegment;150;145;hot;Heating;stainless steel;2644;3697;0;2672;3697;0;Excel-IFC-Translater;OTH;3;G201
Pipe_system;pipe;P39;IfcPipeSegment;150;145;hot;Heating;stainless steel;2592;3691;0;2673;3691;0;Excel-IFC-Translater;OTH;3;G201
Pipe_system;pipe;P40;IfcPipeSegment;150;145;hot;Heating;stainless steel;2667;3683;0;2746;3683;0;Excel-IFC-Translater;OTH;3;G201
Pipe_system;pipe;P41;IfcPipeSegment;150;145;hot;Heating;stainless steel;2610;3655;0;2655;3655;0;Excel-IFC-Translater;OTH;3;G201
Pipe_system;pipe;P42;IfcPipeSegment;150;145;hot;Heating;stainless steel;2450;3531;0;5463;3531;0;Excel-IFC-Translater;OTH;3;G201
Pipe_system;pipe;P43;IfcPipeSegment;150;145;hot;Heating;stainless steel;159;3230;0;2463;3230;0;Excel-IFC-Translater;OTH;3;G201
Pipe_system;pipe;P44;IfcPipeSegment;150;145;hot;Heating;stainless steel;2810;3153;0;2857;3153;0;Excel-IFC-Translater;OTH;3;G201
Pipe_system;pipe;P45;IfcPipeSegment;150;145;hot;Heating;stainless steel;2775;3135;0;2808;3135;0;Excel-IFC-Translater;OTH;3;G201
Pipe_system;pipe;P46;IfcPipeSegment;150;145;hot;Heating;stainless steel;2777;3112;0;2882;3112;0;Excel-IFC-Translater;OTH;3;G201
Pipe_system;pipe;P47;IfcPipeSegment;150;145;hot;Heating;stainless steel;2053;2931;0;2101;2931;0;Excel-IFC-Translater;OTH;3;G201
Pipe_system;pipe;P48;IfcPipeSegment;150;145;hot;Heating;stainless steel;2188;2454;0;2424;2454;0;Excel-IFC-Translater;OTH;3;G201
Pipe_system;pipe;P49;IfcPipeSegment;150;145;hot;Heating;stainless steel;1558;2454;0;2186;2454;0;Excel-IFC-Translater;OTH;3;G201
Pipe_system;pipe;P50;IfcPipeSegment;150;145;hot;Heating;stainless steel;2208;2372;0;2353;2372;0;Excel-IFC-Translater;OTH;3;G201
Pipe_system;pipe;P51;IfcPipeSegment;150;145;hot;Heating;stainless steel;2186;2310;0;2275;2310;0;Excel-IFC-Translater;OTH;3;G201
Pipe_system;pipe;P52;IfcPipeSegment;150;145;hot;Heating;stainless steel;1672;2310;0;2183;2310;0;Excel-IFC-Translater;OTH;3;G201
Pipe_system;pipe;P53;IfcPipeSegment;150;145;hot;Heating;stainless steel;2247;2275;0;2292;2275;0;Excel-IFC-Translater;OTH;3;G201
Pipe_system;pipe;P54;IfcPipeSegment;150;145;hot;Heating;stainless steel;2210;2275;0;2245;2275;0;Excel-IFC-Translater;OTH;3;G201
Pipe_system;pipe;P55;IfcPipeSegment;150;145;hot;Heating;stainless steel;1975;2275;0;2207;2275;0;Excel-IFC-Translater;OTH;3;G201
Pipe_system;pipe;P56;IfcPipeSegment;150;145;hot;Heating;stainless steel;2417;2192;0;2937;2192;0;Excel-IFC-Translater;OTH;3;G201
Pipe_system;pipe;P57;IfcPipeSegment;150;145;hot;Heating;stainless steel;2339;2192;0;2415;2192;0;Excel-IFC-Translater;OTH;3;G201
Pipe_system;pipe;P58;IfcPipeSegment;150;145;hot;Heating;stainless steel;2399;2156;0;2617;2156;0;Excel-IFC-Translater;OTH;3;G201
Pipe_system;pipe;P59;IfcPipeSegment;150;145;hot;Heating;stainless steel;2322;2157;0;2381;2157;0;Excel-IFC-Translater;OTH;3;G201
Pipe_system;pipe;P60;IfcPipeSegment;150;145;hot;Heating;stainless steel;5580;755;0;5604;755;0;Excel-IFC-Translater;OTH;3;G201
Pipe_system;pipe;P61;IfcPipeSegment;150;145;hot;Heating;stainless steel;5497;257;0;5837;257;0;Excel-IFC-Translater;OTH;3;G201
Pipe_system;pipe;P62;IfcPipeSegment;150;145;hot;Heating;stainless steel;5498;186;0;5837;186;0;Excel-IFC-Translater;OTH;3;G201
Pipe_system;pipe;P63;IfcPipeSegment;150;145;hot;Heating;stainless steel;2116;5496;0;2116;5575;0;Excel-IFC-Translater;OTH;3;G201
Pipe_system;pipe;P64;IfcPipeSegment;150;145;hot;Heating;stainless steel;2351;5081;0;2351;5575;0;Excel-IFC-Translater;OTH;3;G201
Pipe_system;pipe;P65;IfcPipeSegment;150;145;hot;Heating;stainless steel;2387;5065;0;2387;5481;0;Excel-IFC-Translater;OTH;3;G201
Pipe_system;pipe;P66;IfcPipeSegment;150;145;hot;Heating;stainless steel;2239;5030;0;2239;5575;0;Excel-IFC-Translater;OTH;3;G201
Pipe_system;pipe;P67;IfcPipeSegment;150;145;hot;Heating;stainless steel;2351;5000;0;2351;5078;0;Excel-IFC-Translater;OTH;3;G201
Pipe_system;pipe;P68;IfcPipeSegment;150;145;hot;Heating;stainless steel;2387;4986;0;2387;5043;0;Excel-IFC-Translater;OTH;3;G201
Pipe_system;pipe;P69;IfcPipeSegment;150;145;hot;Heating;stainless steel;2420;4973;0;2420;5162;0;Excel-IFC-Translater;OTH;3;G201
Pipe_system;pipe;P70;IfcPipeSegment;150;145;hot;Heating;stainless steel;1466;4912;0;1466;5370;0;Excel-IFC-Translater;OTH;3;G201
Pipe_system;pipe;P71;IfcPipeSegment;150;145;hot;Heating;stainless steel;2300;4909;0;2300;5035;0;Excel-IFC-Translater;OTH;3;G201
Pipe_system;pipe;P72;IfcPipeSegment;150;145;hot;Heating;stainless steel;2334;4904;0;2334;4937;0;Excel-IFC-Translater;OTH;3;G201
Pipe_system;pipe;P73;IfcPipeSegment;150;145;hot;Heating;stainless steel;2081;4886;0;2081;5575;0;Excel-IFC-Translater;OTH;3;G201
Pipe_system;pipe;P74;IfcPipeSegment;150;145;hot;Heating;stainless steel;1535;4841;0;1535;5575;0;Excel-IFC-Translater;OTH;3;G201
Pipe_system;pipe;P75;IfcPipeSegment;150;145;hot;Heating;stainless steel;2403;4838;0;2403;4964;0;Excel-IFC-Translater;OTH;3;G201
Pipe_system;pipe;P76;IfcPipeSegment;150;145;hot;Heating;stainless steel;2301;4830;0;2301;4883;0;Excel-IFC-Translater;OTH;3;G201
Pipe_system;pipe;P77;IfcPipeSegment;150;145;hot;Heating;stainless steel;1501;4830;0;1501;5575;0;Excel-IFC-Translater;OTH;3;G201
Pipe_system;pipe;P78;IfcPipeSegment;150;145;hot;Heating;stainless steel;1466;4818;0;1466;4900;0;Excel-IFC-Translater;OTH;3;G201
Pipe_system;pipe;P79;IfcPipeSegment;150;145;hot;Heating;stainless steel;1431;4806;0;1431;5051;0;Excel-IFC-Translater;OTH;3;G201
Pipe_system;pipe;P80;IfcPipeSegment;150;145;hot;Heating;stainless steel;1584;4754;0;1584;5575;0;Excel-IFC-Translater;OTH;3;G201
Pipe_system;pipe;P81;IfcPipeSegment;150;145;hot;Heating;stainless steel;1449;4727;0;1449;4799;0;Excel-IFC-Translater;OTH;3;G201
Pipe_system;pipe;P82;IfcPipeSegment;150;145;hot;Heating;stainless steel;2368;4519;0;2368;4951;0;Excel-IFC-Translater;OTH;3;G201
Pipe_system;pipe;P83;IfcPipeSegment;150;145;hot;Heating;stainless steel;1483;4408;0;1483;4787;0;Excel-IFC-Translater;OTH;3;G201
Pipe_system;pipe;P84;IfcPipeSegment;150;145;hot;Heating;stainless steel;2334;4204;0;2334;4892;0;Excel-IFC-Translater;OTH;3;G201
Pipe_system;pipe;P85;IfcPipeSegment;150;145;hot;Heating;stainless steel;1518;4089;0;1518;4775;0;Excel-IFC-Translater;OTH;3;G201
Pipe_system;pipe;P86;IfcPipeSegment;150;145;hot;Heating;stainless steel;2301;3924;0;2301;4817;0;Excel-IFC-Translater;OTH;3;G201
Pipe_system;pipe;P87;IfcPipeSegment;150;145;hot;Heating;stainless steel;2756;3816;0;2756;3840;0;Excel-IFC-Translater;OTH;3;G201
Pipe_system;pipe;P88;IfcPipeSegment;150;145;hot;Heating;stainless steel;2761;3801;0;2761;3834;0;Excel-IFC-Translater;OTH;3;G201
Pipe_system;pipe;P89;IfcPipeSegment;150;145;hot;Heating;stainless steel;1553;3770;0;1553;4764;0;Excel-IFC-Translater;OTH;3;G201
Pipe_system;pipe;P90;IfcPipeSegment;150;145;hot;Heating;stainless steel;2769;3769;0;2769;3807;0;Excel-IFC-Translater;OTH;3;G201
Pipe_system;pipe;P91;IfcPipeSegment;150;145;hot;Heating;stainless steel;2760;3714;0;2760;3745;0;Excel-IFC-Translater;OTH;3;G201
Pipe_system;pipe;P92;IfcPipeSegment;150;145;hot;Heating;stainless steel;2604;3693;0;2604;3724;0;Excel-IFC-Translater;OTH;3;G201
Pipe_system;pipe;P93;IfcPipeSegment;150;145;hot;Heating;stainless steel;2667;3668;0;2667;3710;0;Excel-IFC-Translater;OTH;3;G201
Pipe_system;pipe;P94;IfcPipeSegment;150;145;hot;Heating;stainless steel;2597;3668;0;2597;3710;0;Excel-IFC-Translater;OTH;3;G201
Pipe_system;pipe;P95;IfcPipeSegment;150;145;hot;Heating;stainless steel;2535;3500;0;2535;3724;0;Excel-IFC-Translater;OTH;3;G201
Pipe_system;pipe;P96;IfcPipeSegment;150;145;hot;Heating;stainless steel;2453;3218;0;2453;3531;0;Excel-IFC-Translater;OTH;3;G201
Pipe_system;pipe;P97;IfcPipeSegment;150;145;hot;Heating;stainless steel;2419;2450;0;2419;3774;0;Excel-IFC-Translater;OTH;3;G201
Pipe_system;pipe;P98;IfcPipeSegment;150;145;hot;Heating;stainless steel;2213;2359;0;2213;2457;0;Excel-IFC-Translater;OTH;3;G201
Pipe_system;pipe;P99;IfcPipeSegment;150;145;hot;Heating;stainless steel;2270;2305;0;2270;2372;0;Excel-IFC-Translater;OTH;3;G201
Pipe_system;pipe;P100;IfcPipeSegment;150;145;hot;Heating;stainless steel;2287;2271;0;2287;2346;0;Excel-IFC-Translater;OTH;3;G201
Pipe_system;pipe;P101;IfcPipeSegment;150;145;hot;Heating;stainless steel;2305;2236;0;2305;2372;0;Excel-IFC-Translater;OTH;3;G201
Pipe_system;pipe;P102;IfcPipeSegment;150;145;hot;Heating;stainless steel;2339;2187;0;2339;2343;0;Excel-IFC-Translater;OTH;3;G201
Pipe_system;pipe;P103;IfcPipeSegment;150;145;hot;Heating;stainless steel;2322;2152;0;2322;2372;0;Excel-IFC-Translater;OTH;3;G201
Pipe_system;pipe;P104;IfcPipeSegment;150;145;hot;Heating;stainless steel;2932;1899;0;2932;2192;0;Excel-IFC-Translater;OTH;3;G201
Pipe_system;pipe;P105;IfcPipeSegment;150;145;hot;Heating;stainless steel;1975;1899;0;1975;2275;0;Excel-IFC-Translater;OTH;3;G201
Pipe_system;pipe;P106;IfcPipeSegment;150;145;hot;Heating;stainless steel;2613;1898;0;2613;2157;0;Excel-IFC-Translater;OTH;3;G201
Pipe_system;pipe;P107;IfcPipeSegment;150;145;hot;Heating;stainless steel;2291;1898;0;2291;2241;0;Excel-IFC-Translater;OTH;3;G201
Pipe_system;pipe;P108;IfcPipeSegment;150;145;hot;Heating;stainless steel;1672;1898;0;1672;2310;0;Excel-IFC-Translater;OTH;3;G201
Pipe_system;pipe;P109;IfcPipeSegment;150;145;hot;Heating;stainless steel;5591;741;0;5591;765;0;Excel-IFC-Translater;OTH;3;G201
Pipe_system;pipe;P110;IfcPipeSegment;150;145;cold;Heating;stainless steel;2505;5512;0;2590;5512;0;Excel-IFC-Translater;OTH;3;G201
Pipe_system;pipe;P111;IfcPipeSegment;150;145;cold;Heating;stainless steel;2418;5512;0;2503;5512;0;Excel-IFC-Translater;OTH;3;G201
Pipe_system;pipe;P112;IfcPipeSegment;150;145;cold;Heating;stainless steel;2373;5512;0;2416;5512;0;Excel-IFC-Translater;OTH;3;G201
Pipe_system;pipe;P113;IfcPipeSegment;150;145;cold;Heating;stainless steel;1229;5400;0;1492;5400;0;Excel-IFC-Translater;OTH;3;G201
Pipe_system;pipe;P114;IfcPipeSegment;150;145;cold;Heating;stainless steel;2408;5194;0;2591;5194;0;Excel-IFC-Translater;OTH;3;G201
Pipe_system;pipe;P115;IfcPipeSegment;150;145;cold;Heating;stainless steel;1230;5082;0;1458;5082;0;Excel-IFC-Translater;OTH;3;G201
Pipe_system;pipe;P116;IfcPipeSegment;150;145;cold;Heating;stainless steel;2221;5032;0;2291;5032;0;Excel-IFC-Translater;OTH;3;G201
Pipe_system;pipe;P117;IfcPipeSegment;150;145;cold;Heating;stainless steel;2282;5012;0;2344;5012;0;Excel-IFC-Translater;OTH;3;G201
Pipe_system;pipe;P118;IfcPipeSegment;150;145;cold;Heating;stainless steel;2348;4998;0;2377;4998;0;Excel-IFC-Translater;OTH;3;G201
Pipe_system;pipe;P119;IfcPipeSegment;150;145;cold;Heating;stainless steel;2312;4998;0;2346;4998;0;Excel-IFC-Translater;OTH;3;G201
Pipe_system;pipe;P120;IfcPipeSegment;150;145;cold;Heating;stainless steel;2282;4985;0;2309;4985;0;Excel-IFC-Translater;OTH;3;G201
Pipe_system;pipe;P121;IfcPipeSegment;150;145;cold;Heating;stainless steel;2311;4985;0;2413;4985;0;Excel-IFC-Translater;OTH;3;G201
Pipe_system;pipe;P122;IfcPipeSegment;150;145;cold;Heating;stainless steel;2282;4971;0;2430;4971;0;Excel-IFC-Translater;OTH;3;G201
Pipe_system;pipe;P123;IfcPipeSegment;150;145;cold;Heating;stainless steel;2282;4958;0;2309;4958;0;Excel-IFC-Translater;OTH;3;G201
Pipe_system;pipe;P124;IfcPipeSegment;150;145;cold;Heating;stainless steel;2311;4958;0;2396;4958;0;Excel-IFC-Translater;OTH;3;G201
Pipe_system;pipe;P125;IfcPipeSegment;150;145;cold;Heating;stainless steel;5507;4990;0;5697;4990;0;Excel-IFC-Translater;OTH;3;G201
Pipe_system;pipe;P126;IfcPipeSegment;150;145;cold;Heating;stainless steel;2307;4944;0;2361;4944;0;Excel-IFC-Translater;OTH;3;G201
Pipe_system;pipe;P127;IfcPipeSegment;150;145;cold;Heating;stainless steel;2282;4931;0;2326;4931;0;Excel-IFC-Translater;OTH;3;G201
Pipe_system;pipe;P128;IfcPipeSegment;150;145;cold;Heating;stainless steel;5506;4932;0;5696;4932;0;Excel-IFC-Translater;OTH;3;G201
Pipe_system;pipe;P129;IfcPipeSegment;150;145;cold;Heating;stainless steel;2104;4923;0;2160;4923;0;Excel-IFC-Translater;OTH;3;G201
Pipe_system;pipe;P130;IfcPipeSegment;150;145;cold;Heating;stainless steel;6053;4903;0;6097;4903;0;Excel-IFC-Translater;OTH;3;G201
Pipe_system;pipe;P131;IfcPipeSegment;150;145;cold;Heating;stainless steel;5971;4903;0;6022;4903;0;Excel-IFC-Translater;OTH;3;G201
Pipe_system;pipe;P132;IfcPipeSegment;150;145;cold;Heating;stainless steel;5730;4903;0;5777;4903;0;Excel-IFC-Translater;OTH;3;G201
Pipe_system;pipe;P133;IfcPipeSegment;150;145;cold;Heating;stainless steel;5824;4903;0;5871;4903;0;Excel-IFC-Translater;OTH;3;G201
Pipe_system;pipe;P134;IfcPipeSegment;150;145;cold;Heating;stainless steel;5825;4885;0;5856;4885;0;Excel-IFC-Translater;OTH;3;G201
Pipe_system;pipe;P135;IfcPipeSegment;150;145;cold;Heating;stainless steel;5729;4886;0;5777;4886;0;Excel-IFC-Translater;OTH;3;G201
Pipe_system;pipe;P136;IfcPipeSegment;150;145;cold;Heating;stainless steel;2424;4874;0;2590;4874;0;Excel-IFC-Translater;OTH;3;G201
Pipe_system;pipe;P137;IfcPipeSegment;150;145;cold;Heating;stainless steel;5824;4867;0;5871;4867;0;Excel-IFC-Translater;OTH;3;G201
Pipe_system;pipe;P138;IfcPipeSegment;150;145;cold;Heating;stainless steel;5507;4905;0;5696;4905;0;Excel-IFC-Translater;OTH;3;G201
Pipe_system;pipe;P139;IfcPipeSegment;150;145;cold;Heating;stainless steel;5971;4868;0;6022;4868;0;Excel-IFC-Translater;OTH;3;G201
Pipe_system;pipe;P140;IfcPipeSegment;150;145;cold;Heating;stainless steel;5728;4867;0;5776;4867;0;Excel-IFC-Translater;OTH;3;G201
Pipe_system;pipe;P141;IfcPipeSegment;150;145;cold;Heating;stainless steel;1523;4840;0;1580;4840;0;Excel-IFC-Translater;OTH;3;G201
Pipe_system;pipe;P142;IfcPipeSegment;150;145;cold;Heating;stainless steel;1488;4829;0;1580;4829;0;Excel-IFC-Translater;OTH;3;G201
Pipe_system;pipe;P143;IfcPipeSegment;150;145;cold;Heating;stainless steel;1454;4817;0;1580;4817;0;Excel-IFC-Translater;OTH;3;G201
Pipe_system;pipe;P144;IfcPipeSegment;150;145;cold;Heating;stainless steel;1436;4805;0;1580;4805;0;Excel-IFC-Translater;OTH;3;G201
Pipe_system;pipe;P145;IfcPipeSegment;150;145;cold;Heating;stainless steel;1470;4792;0;1579;4792;0;Excel-IFC-Translater;OTH;3;G201
Pipe_system;pipe;P146;IfcPipeSegment;150;145;cold;Heating;stainless steel;1506;4781;0;1580;4781;0;Excel-IFC-Translater;OTH;3;G201
Pipe_system;pipe;P147;IfcPipeSegment;150;145;cold;Heating;stainless steel;1540;4770;0;1580;4770;0;Excel-IFC-Translater;OTH;3;G201
Pipe_system;pipe;P148;IfcPipeSegment;150;145;cold;Heating;stainless steel;1230;4764;0;1426;4764;0;Excel-IFC-Translater;OTH;3;G201
Pipe_system;pipe;P149;IfcPipeSegment;150;145;cold;Heating;stainless steel;2391;4556;0;2593;4556;0;Excel-IFC-Translater;OTH;3;G201
Pipe_system;pipe;P150;IfcPipeSegment;150;145;cold;Heating;stainless steel;1230;4445;0;1476;4445;0;Excel-IFC-Translater;OTH;3;G201
Pipe_system;pipe;P151;IfcPipeSegment;150;145;cold;Heating;stainless steel;2356;4240;0;2590;4240;0;Excel-IFC-Translater;OTH;3;G201
Pipe_system;pipe;P152;IfcPipeSegment;150;145;cold;Heating;stainless steel;1230;4126;0;1510;4126;0;Excel-IFC-Translater;OTH;3;G201
Pipe_system;pipe;P153;IfcPipeSegment;150;145;cold;Heating;stainless steel;2540;3960;0;2591;3960;0;Excel-IFC-Translater;OTH;3;G201
Pipe_system;pipe;P154;IfcPipeSegment;150;145;cold;Heating;stainless steel;2321;3942;0;2545;3942;0;Excel-IFC-Translater;OTH;3;G201
Pipe_system;pipe;P155;IfcPipeSegment;150;145;cold;Heating;stainless steel;1230;3807;0;1545;3807;0;Excel-IFC-Translater;OTH;3;G201
Pipe_system;pipe;P156;IfcPipeSegment;150;145;cold;Heating;stainless steel;2675;3800;0;2755;3800;0;Excel-IFC-Translater;OTH;3;G201
Pipe_system;pipe;P157;IfcPipeSegment;150;145;cold;Heating;stainless steel;2394;3797;0;2663;3797;0;Excel-IFC-Translater;OTH;3;G201
Pipe_system;pipe;P158;IfcPipeSegment;150;145;cold;Heating;stainless steel;2520;3738;0;2749;3738;0;Excel-IFC-Translater;OTH;3;G201
Pipe_system;pipe;P159;IfcPipeSegment;150;145;cold;Heating;stainless steel;2527;3502;0;2785;3502;0;Excel-IFC-Translater;OTH;3;G201
Pipe_system;pipe;P160;IfcPipeSegment;150;145;cold;Heating;stainless steel;2520;3494;0;2550;3494;0;Excel-IFC-Translater;OTH;3;G201
Pipe_system;pipe;P161;IfcPipeSegment;150;145;cold;Heating;stainless steel;2527;3485;0;2785;3485;0;Excel-IFC-Translater;OTH;3;G201
Pipe_system;pipe;P162;IfcPipeSegment;150;145;cold;Heating;stainless steel;2313;2486;0;2399;2486;0;Excel-IFC-Translater;OTH;3;G201
Pipe_system;pipe;P163;IfcPipeSegment;150;145;cold;Heating;stainless steel;2064;2485;0;2309;2485;0;Excel-IFC-Translater;OTH;3;G201
Pipe_system;pipe;P164;IfcPipeSegment;150;145;cold;Heating;stainless steel;1562;2486;0;2053;2486;0;Excel-IFC-Translater;OTH;3;G201
Pipe_system;pipe;P165;IfcPipeSegment;150;145;cold;Heating;stainless steel;2190;2353;0;2330;2353;0;Excel-IFC-Translater;OTH;3;G201
Pipe_system;pipe;P166;IfcPipeSegment;150;145;cold;Heating;stainless steel;1993;2327;0;2160;2327;0;Excel-IFC-Translater;OTH;3;G201
Pipe_system;pipe;P167;IfcPipeSegment;150;145;cold;Heating;stainless steel;1646;2327;0;1991;2327;0;Excel-IFC-Translater;OTH;3;G201
Pipe_system;pipe;P168;IfcPipeSegment;150;145;cold;Heating;stainless steel;2260;2293;0;2290;2293;0;Excel-IFC-Translater;OTH;3;G201
Pipe_system;pipe;P169;IfcPipeSegment;150;145;cold;Heating;stainless steel;1949;2293;0;2185;2293;0;Excel-IFC-Translater;OTH;3;G201
Pipe_system;pipe;P170;IfcPipeSegment;150;145;cold;Heating;stainless steel;2265;2258;0;2307;2258;0;Excel-IFC-Translater;OTH;3;G201
Pipe_system;pipe;P171;IfcPipeSegment;150;145;cold;Heating;stainless steel;2472;2174;0;2909;2174;0;Excel-IFC-Translater;OTH;3;G201
Pipe_system;pipe;P172;IfcPipeSegment;150;145;cold;Heating;stainless steel;2407;2175;0;2441;2175;0;Excel-IFC-Translater;OTH;3;G201
Pipe_system;pipe;P173;IfcPipeSegment;150;145;cold;Heating;stainless steel;2337;2175;0;2388;2175;0;Excel-IFC-Translater;OTH;3;G201
Pipe_system;pipe;P174;IfcPipeSegment;150;145;cold;Heating;stainless steel;2432;2140;0;2592;2140;0;Excel-IFC-Translater;OTH;3;G201
Pipe_system;pipe;P175;IfcPipeSegment;150;145;cold;Heating;stainless steel;2320;2140;0;2401;2140;0;Excel-IFC-Translater;OTH;3;G201
Pipe_system;pipe;P176;IfcPipeSegment;150;145;cold;Heating;stainless steel;5502;293;0;5842;293;0;Excel-IFC-Translater;OTH;3;G201
Pipe_system;pipe;P177;IfcPipeSegment;150;145;cold;Heating;stainless steel;5503;222;0;5842;222;0;Excel-IFC-Translater;OTH;3;G201
Pipe_system;pipe;P178;IfcPipeSegment;150;145;cold;Heating;stainless steel;1553;5546;0;1553;5579;0;Excel-IFC-Translater;OTH;3;G201
Pipe_system;pipe;P179;IfcPipeSegment;150;145;cold;Heating;stainless steel;2133;5532;0;2133;5580;0;Excel-IFC-Translater;OTH;3;G201
Pipe_system;pipe;P180;IfcPipeSegment;150;145;cold;Heating;stainless steel;2216;5528;0;2216;5581;0;Excel-IFC-Translater;OTH;3;G201
Pipe_system;pipe;P181;IfcPipeSegment;150;145;cold;Heating;stainless steel;2099;5450;0;2099;5581;0;Excel-IFC-Translater;OTH;3;G201
Pipe_system;pipe;P182;IfcPipeSegment;150;145;cold;Heating;stainless steel;2216;5425;0;2216;5526;0;Excel-IFC-Translater;OTH;3;G201
Pipe_system;pipe;P183;IfcPipeSegment;150;145;cold;Heating;stainless steel;2099;5404;0;2099;5448;0;Excel-IFC-Translater;OTH;3;G201
Pipe_system;pipe;P184;IfcPipeSegment;150;145;cold;Heating;stainless steel;2216;5378;0;2216;5423;0;Excel-IFC-Translater;OTH;3;G201
Pipe_system;pipe;P185;IfcPipeSegment;150;145;cold;Heating;stainless steel;2216;5330;0;2216;5376;0;Excel-IFC-Translater;OTH;3;G201
Pipe_system;pipe;P186;IfcPipeSegment;150;145;cold;Heating;stainless steel;1553;5321;0;1553;5544;0;Excel-IFC-Translater;OTH;3;G201
Pipe_system;pipe;P187;IfcPipeSegment;150;145;cold;Heating;stainless steel;2216;5275;0;2216;5328;0;Excel-IFC-Translater;OTH;3;G201
Pipe_system;pipe;P188;IfcPipeSegment;150;145;cold;Heating;stainless steel;2099;5225;0;2099;5401;0;Excel-IFC-Translater;OTH;3;G201
Pipe_system;pipe;P189;IfcPipeSegment;150;145;cold;Heating;stainless steel;1553;5218;0;1553;5319;0;Excel-IFC-Translater;OTH;3;G201
Pipe_system;pipe;P190;IfcPipeSegment;150;145;cold;Heating;stainless steel;2216;5200;0;2216;5273;0;Excel-IFC-Translater;OTH;3;G201
Pipe_system;pipe;P191;IfcPipeSegment;150;145;cold;Heating;stainless steel;2216;5153;0;2216;5197;0;Excel-IFC-Translater;OTH;3;G201
Pipe_system;pipe;P192;IfcPipeSegment;150;145;cold;Heating;stainless steel;2099;5130;0;2099;5223;0;Excel-IFC-Translater;OTH;3;G201
Pipe_system;pipe;P193;IfcPipeSegment;150;145;cold;Heating;stainless steel;2335;5091;0;2335;5580;0;Excel-IFC-Translater;OTH;3;G201
Pipe_system;pipe;P194;IfcPipeSegment;150;145;cold;Heating;stainless steel;2099;5075;0;2099;5128;0;Excel-IFC-Translater;OTH;3;G201
Pipe_system;pipe;P195;IfcPipeSegment;150;145;cold;Heating;stainless steel;2216;5058;0;2216;5143;0;Excel-IFC-Translater;OTH;3;G201
Pipe_system;pipe;P196;IfcPipeSegment;150;145;cold;Heating;stainless steel;2334;5012;0;2334;5077;0;Excel-IFC-Translater;OTH;3;G201
Pipe_system;pipe;P197;IfcPipeSegment;150;145;cold;Heating;stainless steel;2099;5000;0;2099;5073;0;Excel-IFC-Translater;OTH;3;G201
Pipe_system;pipe;P198;IfcPipeSegment;150;145;cold;Heating;stainless steel;2368;4998;0;2368;5517;0;Excel-IFC-Translater;OTH;3;G201
Pipe_system;pipe;P199;IfcPipeSegment;150;145;cold;Heating;stainless steel;1553;4993;0;1553;5216;0;Excel-IFC-Translater;OTH;3;G201
Pipe_system;pipe;P200;IfcPipeSegment;150;145;cold;Heating;stainless steel;2403;4985;0;2403;5199;0;Excel-IFC-Translater;OTH;3;G201
Pipe_system;pipe;P201;IfcPipeSegment;150;145;cold;Heating;stainless steel;2099;4973;0;2099;4998;0;Excel-IFC-Translater;OTH;3;G201
Pipe_system;pipe;P202;IfcPipeSegment;150;145;cold;Heating;stainless steel;1553;4951;0;1553;4991;0;Excel-IFC-Translater;OTH;3;G201
Pipe_system;pipe;P203;IfcPipeSegment;150;145;cold;Heating;stainless steel;2421;4950;0;2421;4976;0;Excel-IFC-Translater;OTH;3;G201
Pipe_system;pipe;P204;IfcPipeSegment;150;145;cold;Heating;stainless steel;5618;4949;0;5618;4995;0;Excel-IFC-Translater;OTH;3;G201
Pipe_system;pipe;P205;IfcPipeSegment;150;145;cold;Heating;stainless steel;2099;4945;0;2099;4971;0;Excel-IFC-Translater;OTH;3;G201
Pipe_system;pipe;P206;IfcPipeSegment;150;145;cold;Heating;stainless steel;1519;4940;0;1519;5580;0;Excel-IFC-Translater;OTH;3;G201
Pipe_system;pipe;P207;IfcPipeSegment;150;145;cold;Heating;stainless steel;1483;4934;0;1483;5406;0;Excel-IFC-Translater;OTH;3;G201
Pipe_system;pipe;P208;IfcPipeSegment;150;145;cold;Heating;stainless steel;2387;4926;0;2387;4963;0;Excel-IFC-Translater;OTH;3;G201
Pipe_system;pipe;P209;IfcPipeSegment;150;145;cold;Heating;stainless steel;2279;4925;0;2279;5037;0;Excel-IFC-Translater;OTH;3;G201
Pipe_system;pipe;P210;IfcPipeSegment;150;145;cold;Heating;stainless steel;1449;4925;0;1449;5087;0;Excel-IFC-Translater;OTH;3;G201
Pipe_system;pipe;P211;IfcPipeSegment;150;145;cold;Heating;stainless steel;2317;4893;0;2317;4936;0;Excel-IFC-Translater;OTH;3;G201
Pipe_system;pipe;P212;IfcPipeSegment;150;145;cold;Heating;stainless steel;2386;4882;0;2386;4923;0;Excel-IFC-Translater;OTH;3;G201
Pipe_system;pipe;P213;IfcPipeSegment;150;145;cold;Heating;stainless steel;5762;4881;0;5762;4908;0;Excel-IFC-Translater;OTH;3;G201
Pipe_system;pipe;P214;IfcPipeSegment;150;145;cold;Heating;stainless steel;5911;4878;0;5911;4908;0;Excel-IFC-Translater;OTH;3;G201
Pipe_system;pipe;P215;IfcPipeSegment;150;145;cold;Heating;stainless steel;2420;4875;0;2420;4931;0;Excel-IFC-Translater;OTH;3;G201
Pipe_system;pipe;P216;IfcPipeSegment;150;145;cold;Heating;stainless steel;6008;4866;0;6008;4906;0;Excel-IFC-Translater;OTH;3;G201
Pipe_system;pipe;P217;IfcPipeSegment;150;145;cold;Heating;stainless steel;2351;4866;0;2351;4904;0;Excel-IFC-Translater;OTH;3;G201
Pipe_system;pipe;P218;IfcPipeSegment;150;145;cold;Heating;stainless steel;5514;4864;0;5514;4910;0;Excel-IFC-Translater;OTH;3;G201
Pipe_system;pipe;P219;IfcPipeSegment;150;145;cold;Heating;stainless steel;1449;4864;0;1449;4923;0;Excel-IFC-Translater;OTH;3;G201
Pipe_system;pipe;P220;IfcPipeSegment;150;145;cold;Heating;stainless steel;6049;4863;0;6049;4908;0;Excel-IFC-Translater;OTH;3;G201
Pipe_system;pipe;P221;IfcPipeSegment;150;145;cold;Heating;stainless steel;5966;4863;0;5966;4908;0;Excel-IFC-Translater;OTH;3;G201
Pipe_system;pipe;P222;IfcPipeSegment;150;145;cold;Heating;stainless steel;5820;4863;0;5820;4908;0;Excel-IFC-Translater;OTH;3;G201
Pipe_system;pipe;P223;IfcPipeSegment;150;145;cold;Heating;stainless steel;5734;4863;0;5734;4891;0;Excel-IFC-Translater;OTH;3;G201
Pipe_system;pipe;P224;IfcPipeSegment;150;145;cold;Heating;stainless steel;1553;4860;0;1553;4906;0;Excel-IFC-Translater;OTH;3;G201
Pipe_system;pipe;P225;IfcPipeSegment;150;145;cold;Heating;stainless steel;1521;4840;0;1521;4896;0;Excel-IFC-Translater;OTH;3;G201
Pipe_system;pipe;P226;IfcPipeSegment;150;145;cold;Heating;stainless steel;1486;4829;0;1486;4865;0;Excel-IFC-Translater;OTH;3;G201
Pipe_system;pipe;P227;IfcPipeSegment;150;145;cold;Heating;stainless steel;1449;4817;0;1449;4862;0;Excel-IFC-Translater;OTH;3;G201
Pipe_system;pipe;P228;IfcPipeSegment;150;145;cold;Heating;stainless steel;1432;4767;0;1432;4810;0;Excel-IFC-Translater;OTH;3;G201
Pipe_system;pipe;P229;IfcPipeSegment;150;145;cold;Heating;stainless steel;1565;4766;0;1565;5580;0;Excel-IFC-Translater;OTH;3;G201
Pipe_system;pipe;P230;IfcPipeSegment;150;145;cold;Heating;stainless steel;1501;4695;0;1501;4746;0;Excel-IFC-Translater;OTH;3;G201
Pipe_system;pipe;P231;IfcPipeSegment;150;145;cold;Heating;stainless steel;1535;4685;0;1535;4775;0;Excel-IFC-Translater;OTH;3;G201
Pipe_system;pipe;P232;IfcPipeSegment;150;145;cold;Heating;stainless steel;1501;4635;0;1501;4682;0;Excel-IFC-Translater;OTH;3;G201
Pipe_system;pipe;P233;IfcPipeSegment;150;145;cold;Heating;stainless steel;2386;4556;0;2386;4867;0;Excel-IFC-Translater;OTH;3;G201
Pipe_system;pipe;P234;IfcPipeSegment;150;145;cold;Heating;stainless steel;1501;4448;0;1501;4633;0;Excel-IFC-Translater;OTH;3;G201
Pipe_system;pipe;P235;IfcPipeSegment;150;145;cold;Heating;stainless steel;1466;4445;0;1466;4778;0;Excel-IFC-Translater;OTH;3;G201
Pipe_system;pipe;P236;IfcPipeSegment;150;145;cold;Heating;stainless steel;2351;4240;0;2351;4834;0;Excel-IFC-Translater;OTH;3;G201
Pipe_system;pipe;P237;IfcPipeSegment;150;145;cold;Heating;stainless steel;1501;4126;0;1501;4446;0;Excel-IFC-Translater;OTH;3;G201
Pipe_system;pipe;P238;IfcPipeSegment;150;145;cold;Heating;stainless steel;2316;3942;0;2316;4861;0;Excel-IFC-Translater;OTH;3;G201
Pipe_system;pipe;P239;IfcPipeSegment;150;145;cold;Heating;stainless steel;1535;3807;0;1535;4671;0;Excel-IFC-Translater;OTH;3;G201
Pipe_system;pipe;P240;IfcPipeSegment;150;145;cold;Heating;stainless steel;2738;3792;0;2738;3829;0;Excel-IFC-Translater;OTH;3;G201
Pipe_system;pipe;P241;IfcPipeSegment;150;145;cold;Heating;stainless steel;2722;3782;0;2722;3808;0;Excel-IFC-Translater;OTH;3;G201
Pipe_system;pipe;P242;IfcPipeSegment;150;145;cold;Heating;stainless steel;2389;3660;0;2389;3802;0;Excel-IFC-Translater;OTH;3;G201
Pipe_system;pipe;P243;IfcPipeSegment;150;145;cold;Heating;stainless steel;2515;3535;0;2515;3743;0;Excel-IFC-Translater;OTH;3;G201
Pipe_system;pipe;P244;IfcPipeSegment;150;145;cold;Heating;stainless steel;2518;3494;0;2518;3527;0;Excel-IFC-Translater;OTH;3;G201
Pipe_system;pipe;P245;IfcPipeSegment;150;145;cold;Heating;stainless steel;2389;3234;0;2389;3648;0;Excel-IFC-Translater;OTH;3;G201
Pipe_system;pipe;P246;IfcPipeSegment;150;145;cold;Heating;stainless steel;2389;2486;0;2389;3226;0;Excel-IFC-Translater;OTH;3;G201
Pipe_system;pipe;P247;IfcPipeSegment;150;145;cold;Heating;stainless steel;2185;2349;0;2185;2491;0;Excel-IFC-Translater;OTH;3;G201
Pipe_system;pipe;P248;IfcPipeSegment;150;145;cold;Heating;stainless steel;2263;2328;0;2263;2358;0;Excel-IFC-Translater;OTH;3;G201
Pipe_system;pipe;P249;IfcPipeSegment;150;145;cold;Heating;stainless steel;2280;2293;0;2280;2358;0;Excel-IFC-Translater;OTH;3;G201
Pipe_system;pipe;P250;IfcPipeSegment;150;145;cold;Heating;stainless steel;2297;2258;0;2297;2358;0;Excel-IFC-Translater;OTH;3;G201
Pipe_system;pipe;P251;IfcPipeSegment;150;145;cold;Heating;stainless steel;2332;2175;0;2332;2358;0;Excel-IFC-Translater;OTH;3;G201
Pipe_system;pipe;P252;IfcPipeSegment;150;145;cold;Heating;stainless steel;2315;2140;0;2315;2358;0;Excel-IFC-Translater;OTH;3;G201
Pipe_system;pipe;P253;IfcPipeSegment;150;145;cold;Heating;stainless steel;2901;2052;0;2901;2180;0;Excel-IFC-Translater;OTH;3;G201
Pipe_system;pipe;P254;IfcPipeSegment;150;145;cold;Heating;stainless steel;2901;1904;0;2901;2049;0;Excel-IFC-Translater;OTH;3;G201
Pipe_system;pipe;P255;IfcPipeSegment;150;145;cold;Heating;stainless steel;1944;1904;0;1944;2298;0;Excel-IFC-Translater;OTH;3;G201
Pipe_system;pipe;P256;IfcPipeSegment;150;145;cold;Heating;stainless steel;2582;1903;0;2582;2145;0;Excel-IFC-Translater;OTH;3;G201
Pipe_system;pipe;P257;IfcPipeSegment;150;145;cold;Heating;stainless steel;2260;1903;0;2260;2263;0;Excel-IFC-Translater;OTH;3;G201
Pipe_system;pipe;P258;IfcPipeSegment;150;145;cold;Heating;stainless steel;1641;1903;0;1641;2332;0;Excel-IFC-Translater;OTH;3;G201
